{
  "ingredient": "cocamidopropyl",
  "post_count": 241,
  "avg_upvotes": 43.74273858921162,
  "comment_volume": 3376,
  "avg_sentiment": 0.4098982014388489,
  "std_sentiment": 0.5244350358431997,
  "sentiment_95ci": [
    0.34824929585598113,
    0.4715471070217167
  ],
  "positive": true,
  "negative": false,
  "sentiment_method": "vader"
}